{
    "metrics": {
        "http_req_duration": {
            "avg": 2.757649526483019,
            "min": 0,
            "med": 2.8418,
            "max": 20.1602,
            "p(90)": 4.595040000000002,
            "p(95)": 5.348659999999997,
            "p(99)": 7.193944000000001
        },
        "http_req_duration{expected_response:true}": {
            "avg": 2.757649526483019,
            "min": 0,
            "med": 2.8418,
            "max": 20.1602,
            "p(90)": 4.595040000000002,
            "p(95)": 5.348659999999997,
            "p(99)": 7.193944000000001
        },
        "http_req_sending": {
            "avg": 0.014697674059906823,
            "min": 0,
            "med": 0,
            "max": 17.761,
            "p(90)": 0,
            "p(95)": 0,
            "p(99)": 0.5883040000000002
        },
        "data_sent": {
            "count": 2398858,
            "rate": 239762.74656558016
        },
        "http_req_failed": {
            "passes": 0,
            "fails": 32417,
            "value": 0
        },
        "http_req_waiting": {
            "min": 0,
            "med": 2.7973,
            "max": 19.73,
            "p(90)": 4.5286800000000005,
            "p(95)": 5.2713199999999985,
            "p(99)": 7.101052,
            "avg": 2.701121180244926
        },
        "http_req_blocked": {
            "p(95)": 0,
            "p(99)": 0,
            "avg": 0.0033937471079988884,
            "min": 0,
            "med": 0,
            "max": 3.0496,
            "p(90)": 0
        },
        "iteration_duration": {
            "p(95)": 5.735799999999991,
            "p(99)": 7.7900160000000005,
            "avg": 3.0732448961964365,
            "min": 0,
            "med": 3.1165,
            "max": 22.6723,
            "p(90)": 4.9915400000000005
        },
        "http_req_connecting": {
            "avg": 0.00042780948267884126,
            "min": 0,
            "med": 0,
            "max": 2.9374,
            "p(90)": 0,
            "p(95)": 0,
            "p(99)": 0
        },
        "iterations": {
            "count": 32417,
            "rate": 3240.037115751083
        },
        "http_req_receiving": {
            "p(99)": 0.7771040000000001,
            "avg": 0.041830672178178166,
            "min": 0,
            "med": 0,
            "max": 10.2812,
            "p(90)": 0,
            "p(95)": 0.5241
        },
        "vus": {
            "value": 10,
            "min": 10,
            "max": 10
        },
        "vus_max": {
            "value": 10,
            "min": 10,
            "max": 10
        },
        "data_received": {
            "count": 7455910,
            "rate": 745208.5366227492
        },
        "http_req_tls_handshaking": {
            "p(90)": 0,
            "p(95)": 0,
            "p(99)": 0,
            "avg": 0,
            "min": 0,
            "med": 0,
            "max": 0
        },
        "http_reqs": {
            "count": 32417,
            "rate": 3240.037115751083
        }
    },
    "root_group": {
        "name": "",
        "path": "",
        "id": "d41d8cd98f00b204e9800998ecf8427e",
        "groups": {},
        "checks": {}
    }
}